Mol_ID,Source,DOI,Donor,Acceptor,Donor SMILES,Acceptor SMILES,Voc,Jsc,FF,PCE,HOMO_A,LUMO_A,Ehl_A,Eg_A,HOMO_D,LUMO_D,Ehl_D,Eg_D
1675,S,10.1039/c9ee02433f,,,CCCCC(CC)Cc1sc(-c2c3cc(-c4ccc(-c5sc(-c6ccc(C)s6)c6c5C(=O)c5c(CC(CC)CCCC)sc(CC(CC)CCCC)c5C6=O)s4)sc3c(-c3cc(F)c(CC(CC)CCCC)s3)c3cc(C)sc23)cc1F,CCCCCCCCCCCc1c(/C=C2\C(=O)c3cc(F)c(F)cc3C2=C(C#N)C#N)sc2c1sc1c3c4nsnc4c4c5sc6c(CCCCCCCCCCC)c(/C=C7\C(=O)c8cc(F)c(F)cc8C7=C(C#N)C#N)sc6c5n(CC(CC)CCCC)c4c3n(CC(CC)CCCC)c21,0.82,25.65,0.762,16.52,-5.65,-4.1,1.55,1.55,-5.5,-3.61,1.89,1.89
1678,S,10.1002/adma.201902210,,,CCCCC(CC)Cc1sc(-c2c3cc(-c4ccc(-c5sc(-c6ccc(C)s6)c6c5C(=O)c5c(CC(CC)CCCC)sc(CC(CC)CCCC)c5C6=O)s4)sc3c(-c3cc(F)c(CC(CC)CCCC)s3)c3cc(C)sc23)cc1F,CCCCCCCCCCCc1c(/C=C2\C(=O)c3cc(F)c(F)cc3C2=C(C#N)C#N)sc2c1sc1c3c4nsnc4c4c5sc6c(CCCCCCCCCCC)c(/C=C7\C(=O)c8cc(F)c(F)cc8C7=C(C#N)C#N)sc6c5n(CC(CC)CCCC)c4c3n(CC(CC)CCCC)c21,0.845,24.89,0.744,15.75,-5.7,-4.1,1.6,1.6,-5.5,-3.56,1.94,1.94
1679,S,10.1016/j.joule.2019.01.004,,,CCCCC(CC)Cc1sc(-c2c3cc(-c4ccc(-c5sc(-c6ccc(C)s6)c6c5C(=O)c5c(CC(CC)CCCC)sc(CC(CC)CCCC)c5C6=O)s4)sc3c(-c3cc(F)c(CC(CC)CCCC)s3)c3cc(C)sc23)cc1F,CCCCCCCCCCCc1c(/C=C2\C(=O)c3cc(F)c(F)cc3C2=C(C#N)C#N)sc2c1sc1c3c4nsnc4c4c5sc6c(CCCCCCCCCCC)c(/C=C7\C(=O)c8cc(F)c(F)cc8C7=C(C#N)C#N)sc6c5n(CC(CC)CCCC)c4c3n(CC(CC)CCCC)c21,0.82,25.2,0.761,15.7,-5.65,-4.1,1.55,1.55,-5.56,-3.5,2.06,2.06
1680,S,10.1021/acsenergylett.9b01447,,,CCCCCCCCN1C(=O)c2c(c(-c3ccc(-c4cc5c(-c6cc(F)c(CC(CC)CCCC)c(F)c6)c6sc(C)cc6c(-c6cc(F)c(CC(CC)CCCC)c(F)c6)c5s4)s3)c3nn(CCC(CC)CCCC)nc3c2-c2ccc(C)s2)C1=O,CCCCCCCCCCCc1c(/C=C2\C(=O)c3cc(F)c(F)cc3C2=C(C#N)C#N)sc2c1sc1c3c4nsnc4c4c5sc6c(CCCCCCCCCCC)c(/C=C7\C(=O)c8cc(F)c(F)cc8C7=C(C#N)C#N)sc6c5n(CC(CC)CCCC)c4c3n(CC(CC)CCCC)c21,0.81,26.11,0.733,15.65,-5.68,-4.06,1.62,1.62,-5.46,-3.14,2.32,2.32
1682,S,10.1021/acs.nanolett.0c05045,,,CCCCC(CC)Cc1sc(-c2c3cc(-c4ccc(-c5sc(-c6ccc(C)s6)c6c5C(=O)c5c(CC(CC)CCCC)sc(CC(CC)CCCC)c5C6=O)s4)sc3c(-c3cc(F)c(CC(CC)CCCC)s3)c3cc(C)sc23)cc1F,CCCCCCCCCCCc1c(/C=C2\C(=O)c3cc(F)c(F)cc3C2=C(C#N)C#N)sc2c1sc1c3c4nsnc4c4c5sc6c(CCCCCCCCCCC)c(/C=C7\C(=O)c8cc(F)c(F)cc8C7=C(C#N)C#N)sc6c5n(CC(CC)CCCC)c4c3n(CC(CC)CCCC)c21,0.84,25.4,0.702,15.5,-5.65,-4.1,1.55,1.55,-5.5,-3.61,1.89,1.89
1685,S,10.1002/aenm.201901728,,,CCCCC(CC)Cc1sc(-c2c3cc(-c4ccc(-c5sc(-c6ccc(C)s6)c6c5C(=O)c5c(CC(CC)CCCC)sc(CC(CC)CCCC)c5C6=O)s4)sc3c(-c3cc(F)c(CC(CC)CCCC)s3)c3cc(C)sc23)cc1F,CCCCCCCCCCCc1c(/C=C2\C(=O)c3cc(F)c(F)cc3C2=C(C#N)C#N)sc2c1sc1c3c4nsnc4c4c5sc6c(CCCCCCCCCCC)c(/C=C7\C(=O)c8cc(F)c(F)cc8C7=C(C#N)C#N)sc6c5n(CC(CC)CCCC)c4c3n(CC(CC)CCCC)c21,0.857,25.05,0.72,15.45,-5.62,-4.11,1.51,1.51,-5.54,-3.65,1.89,1.89
1687,S,10.1039/c9tc05301h,,,CCCCC(CC)Cc1ccc(-c2c3cc(-c4ccc(-c5sc(-c6ccc(C)s6)c6c5C(=O)c5c(CC(CC)CCCC)sc(CC(CC)CCCC)c5C6=O)s4)sc3c(-c3ccc(CC(CC)CCCC)s3)c3cc(C)sc23)s1,CCCCCCCCCCCc1c(/C=C2\C(=O)c3cc(F)c(F)cc3C2=C(C#N)C#N)sc2c1sc1c3c4nsnc4c4c5sc6c(CCCCCCCCCCC)c(/C=C7\C(=O)c8cc(F)c(F)cc8C7=C(C#N)C#N)sc6c5n(CC(CC)CCCC)c4c3n(CC(CC)CCCC)c21,0.8,25.2,0.77,15.4,-5.65,-4.02,1.63,1.63,-5.33,-3.53,1.8,1.8
1689,S,10.1002/adma.201902965,,,CCCCC(CC)Cc1sc(-c2c3cc(-c4ccc(-c5sc(-c6ccc(C)s6)c6c5C(=O)c5c(CC(CC)CCCC)sc(CC(CC)CCCC)c5C6=O)s4)sc3c(-c3cc(F)c(CC(CC)CCCC)s3)c3cc(C)sc23)cc1F,CCCCCCCCCCCc1c(/C=C2\C(=O)c3cc(F)c(F)cc3C2=C(C#N)C#N)sc2c1sc1c3c4nsnc4c4c5sc6c(CCCCCCCCCCC)c(/C=C7\C(=O)c8cc(F)c(F)cc8C7=C(C#N)C#N)sc6c5n(CC(CC)CCCC)c4c3n(CC(CC)CCCC)c21,0.85,24.8,0.72,15.3,-5.6,-3.8,1.8,1.8,-5.45,-3.65,1.8,1.8
1690,S,10.1002/adma.201903441,,,CCCCC(CC)Cc1sc(-c2c3cc(-c4ccc(-c5sc(-c6ccc(C)s6)c6c5C(=O)c5c(CC(CC)CCCC)sc(CC(CC)CCCC)c5C6=O)s4)sc3c(-c3cc(F)c(CC(CC)CCCC)s3)c3cc(C)sc23)cc1F,CCCCCCCCCCCc1c(/C=C2\C(=O)c3cc(F)c(F)cc3C2=C(C#N)C#N)sc2c1sc1c3c4nsnc4c4c5sc6c(CCCCCCCCCCC)c(/C=C7\C(=O)c8cc(F)c(F)cc8C7=C(C#N)C#N)sc6c5n(CC(CC)CCCC)c4c3n(CC(CC)CCCC)c21,0.841,24.6,0.74,15.3,-5.68,-4.06,1.62,1.62,-5.45,-3.64,1.81,1.81
1691,S,10.1002/adma.201902302,,,CCCCC(CC)Cc1sc(-c2c3cc(-c4ccc(-c5sc(-c6ccc(C)s6)c6c5C(=O)c5c(CC(CC)CCCC)sc(CC(CC)CCCC)c5C6=O)s4)sc3c(-c3cc(F)c(CC(CC)CCCC)s3)c3cc(C)sc23)cc1F,CCCCCCCCCCCc1c(/C=C2\C(=O)c3cc(F)c(F)cc3C2=C(C#N)C#N)sc2c1sc1c3c4nsnc4c4c5sc6c(CCCCCCCCCCC)c(/C=C7\C(=O)c8cc(F)c(F)cc8C7=C(C#N)C#N)sc6c5n(CC(CC)CCCC)c4c3n(CC(CC)CCCC)c21,0.834,24.8,0.741,15.3,-5.65,-4.1,1.55,1.55,-5.54,-3.65,1.89,1.89
1692,S,10.1039/c9mh00844f,,,CCCCC(CC)CSc1sc(-c2c3cc(-c4ccc(-c5sc(-c6ccc(C)s6)c6c5C(=O)c5c(CC(CC)CCCC)sc(CC(CC)CCCC)c5C6=O)s4)sc3c(-c3cc(F)c(SCC(CC)CCCC)s3)c3cc(C)sc23)cc1F,CCCCCCCCCCCc1c(/C=C2\C(=O)c3cc(F)c(F)cc3C2=C(C#N)C#N)sc2c1sc1c3c4nsnc4c4c5sc6c(CCCCCCCCCCC)c(/C=C7\C(=O)c8cc(F)c(F)cc8C7=C(C#N)C#N)sc6c5n(CC(CC)CCCC)c4c3n(CC(CC)CCCC)c21,0.864,24.68,0.712,15.18,-5.62,-4.11,1.51,1.51,-5.57,-3.67,1.9,1.9
1693,S,10.1021/acsenergylett.9b01447,,,CCCCCCCCN1C(=O)c2c(c(-c3ccc(-c4cc5c(-c6cc(Cl)c(CC(CC)CCCC)s6)c6sc(C)cc6c(-c6cc(Cl)c(CC(CC)CCCC)s6)c5s4)s3)c3nn(CCC(CC)CCCC)nc3c2-c2ccc(C)s2)C1=O,CCCCCCCCCCCc1c(/C=C2\C(=O)c3cc(F)c(F)cc3C2=C(C#N)C#N)sc2c1sc1c3c4nsnc4c4c5sc6c(CCCCCCCCCCC)c(/C=C7\C(=O)c8cc(F)c(F)cc8C7=C(C#N)C#N)sc6c5n(CC(CC)CCCC)c4c3n(CC(CC)CCCC)c21,0.79,25.7,0.727,15.06,-5.68,-4.06,1.62,1.62,-5.46,-3.13,2.33,2.33
1695,S,10.1021/acsenergylett.9b01447,,,CCCCCCCCN1C(=O)c2c(c(-c3ccc(-c4cc5c(-c6cc(F)c(CC(CC)CCCC)s6)c6sc(C)cc6c(-c6cc(F)c(CC(CC)CCCC)s6)c5s4)s3)c3nn(CCC(CC)CCCC)nc3c2-c2ccc(C)s2)C1=O,CCCCCCCCCCCc1c(/C=C2\C(=O)c3cc(F)c(F)cc3C2=C(C#N)C#N)sc2c1sc1c3c4nsnc4c4c5sc6c(CCCCCCCCCCC)c(/C=C7\C(=O)c8cc(F)c(F)cc8C7=C(C#N)C#N)sc6c5n(CC(CC)CCCC)c4c3n(CC(CC)CCCC)c21,0.78,25.01,0.712,14.16,-5.68,-4.06,1.62,1.62,-5.38,-3.24,2.14,2.14
1696,S,10.1021/acs.macromol.9b01233,,,CCCCCCCCC(CCCCCC)Cn1nc2c(-c3cc4sc(C)c(CCCCCC)c4s3)c(F)c(F)c(-c3cc4sc(-c5cc6c(-c7cc(Cl)c(CC(CC)CCCC)s7)c7sc(C)cc7c(-c7cc(Cl)c(CC(CC)CCCC)s7)c6s5)c(CCCCCC)c4s3)c2n1,CCCCCCCCCCCc1c(/C=C2\C(=O)c3cc(F)c(F)cc3C2=C(C#N)C#N)sc2c1sc1c3c4nsnc4c4c5sc6c(CCCCCCCCCCC)c(/C=C7\C(=O)c8cc(F)c(F)cc8C7=C(C#N)C#N)sc6c5n(CC(CC)CCCC)c4c3n(CC(CC)CCCC)c21,0.84,22.21,0.754,14.02,-5.6,-4.1,1.5,1.5,-5.42,-3.49,1.93,1.93
1697,S,10.1021/acsmacrolett.9b00368,,,CCCCCCCCOc1cccc(-c2nc3c(-c4ccc(C)s4)c(F)c(F)c(-c4ccc(-c5cc6c(-c7cc(F)c(SCC(CC)CCCC)s7)c7sc(C)cc7c(-c7cc(F)c(SCC(CC)CCCC)s7)c6s5)s4)c3nc2-c2cccc(OCCCCCCCC)c2)c1,CCCCCCCCCCCc1c(/C=C2\C(=O)c3cc(F)c(F)cc3C2=C(C#N)C#N)sc2c1sc1c3c4nsnc4c4c5sc6c(CCCCCCCCCCC)c(/C=C7\C(=O)c8cc(F)c(F)cc8C7=C(C#N)C#N)sc6c5n(CC(CC)CCCC)c4c3n(CC(CC)CCCC)c21,0.83,24.68,0.637,13.1,-5.65,-4.1,1.55,1.55,-5.41,-3.5,1.91,1.91
1698,S,10.1002/adma.201901872,,,CCCCCCCCc1cc(-c2nnc(-c3cc(CCCCCCCC)c(-c4cc5c(-c6cc(F)c(SCC(CCCC)CCCCCC)s6)c6sc(C)cc6c(-c6cc(F)c(SCC(CCCC)CCCCCC)s6)c5s4)s3)nn2)sc1C,CCCCCCCCCCCc1c(/C=C2\C(=O)c3cc(F)c(F)cc3C2=C(C#N)C#N)sc2c1sc1c3c4nsnc4c4c5sc6c(CCCCCCCCCCC)c(/C=C7\C(=O)c8cc(F)c(F)cc8C7=C(C#N)C#N)sc6c5n(CC(CC)CCCC)c4c3n(CC(CC)CCCC)c21,0.8,25.1,0.649,13.03,-5.6,-4.1,1.5,1.5,-5.5,-3.5,2.0,2.0
1700,S,10.1021/acsmacrolett.9b00368,,,CCCCCCCCOc1cccc(-c2nc3c(-c4ccc(C)s4)c(F)c(F)c(-c4ccc(-c5cc6c(-c7cc(F)c(CC(CC)CCCC)s7)c7sc(C)cc7c(-c7cc(F)c(CC(CC)CCCC)s7)c6s5)s4)c3nc2-c2cccc(OCCCCCCCC)c2)c1,CCCCCCCCCCCc1c(/C=C2\C(=O)c3cc(F)c(F)cc3C2=C(C#N)C#N)sc2c1sc1c3c4nsnc4c4c5sc6c(CCCCCCCCCCC)c(/C=C7\C(=O)c8cc(F)c(F)cc8C7=C(C#N)C#N)sc6c5n(CC(CC)CCCC)c4c3n(CC(CC)CCCC)c21,0.78,24.64,0.622,12.02,-5.65,-4.1,1.55,1.55,-5.37,-3.48,1.89,1.89
1701,S,10.1021/acsmacrolett.9b00704,,,CCCCCCCCC(CCCCCC)Cn1nc2c(-c3ccc(C)s3)c(F)c(F)c(-c3ccc(-c4cc5sc6c(c5s4)C(c4ccc(CCCCCC)cc4)(c4ccc(CCCCCC)cc4)c4cc5c(cc4-6)C(c4ccc(CCCCCC)cc4)(c4ccc(CCCCCC)cc4)c4c-5sc5cc(C)sc45)s3)c2n1,CCCCCCCCCCCc1c(/C=C2\C(=O)c3cc(F)c(F)cc3C2=C(C#N)C#N)sc2c1sc1c3c4nsnc4c4c5sc6c(CCCCCCCCCCC)c(/C=C7\C(=O)c8cc(F)c(F)cc8C7=C(C#N)C#N)sc6c5n(CC(CC)CCCC)c4c3n(CC(CC)CCCC)c21,0.73,22.44,0.646,11.05,-5.65,-4.1,1.55,1.55,-5.25,-3.63,1.62,1.62
1702,S,10.1002/adma.201905480,,,CCCCCCCCC(CCCCCC)COc1cnc2c(C)cc(F)c(-c3ccc(C)s3)c2n1,CCCCCCCCCCCc1c(/C=C2\C(=O)c3cc(F)c(F)cc3C2=C(C#N)C#N)sc2c1sc1c3c4nsnc4c4c5sc6c(CCCCCCCCCCC)c(/C=C7\C(=O)c8cc(F)c(F)cc8C7=C(C#N)C#N)sc6c5n(CC(CC)CCCC)c4c3n(CC(CC)CCCC)c21,0.82,23.72,0.54,10.5,-5.66,-4.08,1.58,1.58,-5.41,-2.87,2.54,2.54
1703,S,10.1021/acsmacrolett.9b00368,,,CCCCCCCCOc1cccc(-c2nc3c(-c4ccc(C)s4)c(F)c(F)c(-c4ccc(-c5cc6c(-c7ccc(CC(CC)CCCC)s7)c7sc(C)cc7c(-c7ccc(CC(CC)CCCC)s7)c6s5)s4)c3nc2-c2cccc(OCCCCCCCC)c2)c1,CCCCCCCCCCCc1c(/C=C2\C(=O)c3cc(F)c(F)cc3C2=C(C#N)C#N)sc2c1sc1c3c4nsnc4c4c5sc6c(CCCCCCCCCCC)c(/C=C7\C(=O)c8cc(F)c(F)cc8C7=C(C#N)C#N)sc6c5n(CC(CC)CCCC)c4c3n(CC(CC)CCCC)c21,0.66,23.41,0.553,8.61,-5.65,-4.1,1.55,1.55,-5.19,-3.44,1.75,1.75
1707,S,10.1002/adma.201905480,,,CCCCCCCCC(CCCCCC)COc1cnc2c(C)ccc(-c3ccc(C)s3)c2n1,CCCCCCCCCCCc1c(/C=C2\C(=O)c3cc(F)c(F)cc3C2=C(C#N)C#N)sc2c1sc1c3c4nsnc4c4c5sc6c(CCCCCCCCCCC)c(/C=C7\C(=O)c8cc(F)c(F)cc8C7=C(C#N)C#N)sc6c5n(CC(CC)CCCC)c4c3n(CC(CC)CCCC)c21,0.71,18.65,0.434,5.75,-5.66,-4.08,1.58,1.58,-5.38,-2.82,2.56,2.56
1709,H,10.1007/s11426-021-1114-3,PTQ10,Y6,CCCCCCCCC(CCCCCC)COc1cnc2c(C)c(F)c(F)c(-c3ccc(C)s3)c2n1,CCCCCCCCCCCc1c(/C=C2\C(=O)c3cc(F)c(F)cc3C2=C(C#N)C#N)sc2c1sc1c3c4nsnc4c4c5sc6c(CCCCCCCCCCC)c(/C=C7\C(=O)c8cc(F)c(F)cc8C7=C(C#N)C#N)sc6c5n(CC(CC)CCCC)c4c3n(CC(CC)CCCC)c21,0.831,26.28,0.784,17.13,-5.65,-4.09,1.56,1.36,-5.54,-2.92,2.62,1.93
1710,H,10.1021/acs.macromol.9b01233,J52-Cl,Y6,CCCCCCCCC(CCCCCC)Cn1nc2c(-c3ccc(C)s3)c(F)c(F)c(-c3ccc(-c4cc5c(-c6cc(Cl)c(CC(CC)CCCC)s6)c6sc(C)cc6c(-c6cc(Cl)c(CC(CC)CCCC)s6)c5s4)s3)c2n1,CCCCCCCCCCCc1c(/C=C2\C(=O)c3cc(F)c(F)cc3C2=C(C#N)C#N)sc2c1sc1c3c4nsnc4c4c5sc6c(CCCCCCCCCCC)c(/C=C7\C(=O)c8cc(F)c(F)cc8C7=C(C#N)C#N)sc6c5n(CC(CC)CCCC)c4c3n(CC(CC)CCCC)c21,0.84,23.77,0.614,12.31,-5.65,-4.09,1.56,1.36,-5.39,-3.45,1.94,
1711,H,10.1016/j.nanoen.2020.104447,J71,Y6,CCCCCCCCC(CCCCCC)Cn1nc2c(-c3ccc(C)s3)c(F)c(F)c(-c3ccc(-c4cc5c(-c6ccc([Si](CCC)(CCC)CCC)s6)c6sc(C)cc6c(-c6ccc([Si](CCC)(CCC)CCC)s6)c5s4)s3)c2n1,CCCCCCCCCCCc1c(/C=C2\C(=O)c3cc(F)c(F)cc3C2=C(C#N)C#N)sc2c1sc1c3c4nsnc4c4c5sc6c(CCCCCCCCCCC)c(/C=C7\C(=O)c8cc(F)c(F)cc8C7=C(C#N)C#N)sc6c5n(CC(CC)CCCC)c4c3n(CC(CC)CCCC)c21,0.87,20.54,0.536,9.6,-5.65,-4.09,1.56,1.36,-5.4,-3.24,2.16,1.96
1712,H,10.1021/acs.jpcc.0c07162,P3HT,Y6,CCCCCCc1cc(C)sc1C,CCCCCCCCCCCc1c(/C=C2\C(=O)c3cc(F)c(F)cc3C2=C(C#N)C#N)sc2c1sc1c3c4nsnc4c4c5sc6c(CCCCCCCCCCC)c(/C=C7\C(=O)c8cc(F)c(F)cc8C7=C(C#N)C#N)sc6c5n(CC(CC)CCCC)c4c3n(CC(CC)CCCC)c21,0.45,11.66,0.455,2.41,-5.65,-4.09,1.56,1.36,-5.01,-3.12,1.89,
1713,,,,,CCCCCCC1=C(C2=CC(CCCCCC)=C(C3=CC=C(/C=C4/SC(=S)N(CC(CC)CCCC)C4=O)S3)S2)SC(C2=CC3=C(C4=CC(F)=C(SCC(CC)CCCC)S4)C4=C(C=C(C5=CC(CCCCCC)=C(C6=CC(CCCCCC)=C(C7=CC=C(/C=C8/SC(=S)N(CC(CC)CCCC)C8=O)S7)S6)S5)S4)C(C4=CC(F)=C(SCC(CC)CCCC)S4)=C3S2)=C1,CCCCCCCCCCCc1c(/C=C2\C(=O)c3cc(F)c(F)cc3C2=C(C#N)C#N)sc2c1sc1c3c4nsnc4c4c5sc6c(CCCCCCCCCCC)c(/C=C7\C(=O)c8cc(F)c(F)cc8C7=C(C#N)C#N)sc6c5n(CC(CC)CCCC)c4c3n(CC(CC)CCCC)c21,0.85,23.16,0.697,13.69,-5.65,-4.09,1.56,1.36,-5.59,1.98,,
1714,,,,,CCCCCCCCC(CCCCCC)COC1=CN=C2C(C3=CC=CS3)=CC(F)=CC2=N1,CCCCCCCCCCCc1c(/C=C2\C(=O)c3cc(F)c(F)cc3C2=C(C#N)C#N)sc2c1sc1c3c4nsnc4c4c5sc6c(CCCCCCCCCCC)c(/C=C7\C(=O)c8cc(F)c(F)cc8C7=C(C#N)C#N)sc6c5n(CC(CC)CCCC)c4c3n(CC(CC)CCCC)c21,0.82,23.72,0.54,10.5,-5.65,-4.09,1.56,1.36,-5.41,2.54,,
1715,,,,,CCCCCCCCC(CCCCCC)COC1=CN=C2C(C3=CC=CS3)=CC=CC2=N1,CCCCCCCCCCCc1c(/C=C2\C(=O)c3cc(F)c(F)cc3C2=C(C#N)C#N)sc2c1sc1c3c4nsnc4c4c5sc6c(CCCCCCCCCCC)c(/C=C7\C(=O)c8cc(F)c(F)cc8C7=C(C#N)C#N)sc6c5n(CC(CC)CCCC)c4c3n(CC(CC)CCCC)c21,0.71,18.65,0.434,5.75,-5.65,-4.09,1.56,1.36,-5.38,2.56,,
1718,,,,,CCCCCCCCC1=C(C2=CC=C(C3=C(CCCCCCCC)C=C(C4=CC5=C(C6=CC=C(SCC(CC)CCCC)S6)C6=C(C=C(C7=CC(CCCCCCCC)=C(C8=CC=C(C9=C(CCCCCCCC)C=C(/C=C(\C#N)C(=O)OCC(CC)CCCC)S9)S8)S7)S6)C(C6=CC=C(SCC(CC)CCCC)S6)=C5S4)S3)S2)SC(/C=C(/C#N)C(=O)OCC(CC)CCCC)=C1,CCCCCCCCCCCc1c(/C=C2\C(=O)c3cc(F)c(F)cc3C2=C(C#N)C#N)sc2c1sc1c3c4nsnc4c4c5sc6c(CCCCCCCCCCC)c(/C=C7\C(=O)c8cc(F)c(F)cc8C7=C(C#N)C#N)sc6c5n(CC(CC)CCCC)c4c3n(CC(CC)CCCC)c21,0.825,23.23,0.677,12.94,-5.65,-4.09,1.56,1.36,-5.32,2.51,,
1719,,,,,CCCCCCCCC1=C(C2=CC=C(C3=C(CCCCCCCC)C=C(C4=CC5=C(C6=CC=C(CC(CC)CCCC)S6)C6=C(C=C(C7=CC(CCCCCCCC)=C(C8=CC=C(C9=C(CCCCCCCC)C=C(/C=C(\C#N)C(=O)OCC(CC)CCCC)S9)S8)S7)S6)C(C6=CC=C(CC(CC)CCCC)S6)=C5S4)S3)S2)SC(/C=C(/C#N)C(=O)OCC(CC)CCCC)=C1,CCCCCCCCCCCc1c(/C=C2\C(=O)c3cc(F)c(F)cc3C2=C(C#N)C#N)sc2c1sc1c3c4nsnc4c4c5sc6c(CCCCCCCCCCC)c(/C=C7\C(=O)c8cc(F)c(F)cc8C7=C(C#N)C#N)sc6c5n(CC(CC)CCCC)c4c3n(CC(CC)CCCC)c21,0.805,23.59,0.67,12.72,-5.65,-4.09,1.56,1.36,-5.25,2.45,1.88,
1721,,,,,CCCCCCCCC(CCCCCC)CC1=C(F)C=C(C2=C3C=C(C4=CC=C(C5=C6C(=O)N(CCCCCCCC)C(=O)C6=C(C6=CC=CS6)S5)S4)SC3=C(C3=CC(F)=C(CC(CCCCCC)CCCCCCCC)S3)C3=C2SC=C3)S1,CCCCCCCCCCCc1c(/C=C2\C(=O)c3cc(F)c(F)cc3C2=C(C#N)C#N)sc2c1sc1c3c4nsnc4c4c5sc6c(CCCCCCCCCCC)c(/C=C7\C(=O)c8cc(F)c(F)cc8C7=C(C#N)C#N)sc6c5n(CC(CC)CCCC)c4c3n(CC(CC)CCCC)c21,0.87,21.07,0.622,11.4,-5.65,-4.09,1.56,1.36,-5.32,1.82,,
1722,,,,,CCCCC(CC)CC1=C(Cl)C=C(C2=C3SC=CC3=C(C3=CC(Cl)=C(CC(CC)CCCC)S3)C3=C2C=C(C2=CC=C(C4=C5C(=O)C6=C(CC(CC)CCCC)SC(CC(CC)CCCC)=C6C(=O)C5=C(C5=CC=CS5)S4)S2)S3)S1,CCCCCCCCCCCc1c(/C=C2\C(=O)c3cc(F)c(F)cc3C2=C(C#N)C#N)sc2c1sc1c3c4nsnc4c4c5sc6c(CCCCCCCCCCC)c(/C=C7\C(=O)c8cc(F)c(F)cc8C7=C(C#N)C#N)sc6c5n(CC(CC)CCCC)c4c3n(CC(CC)CCCC)c21,0.882,25.605,0.733,17.037,-5.65,-4.09,1.56,1.36,-5.52,1.92,,
1725,,,,,CCc1ccc(C2(c3ccc(CC)cc3)c3cc4c(cc3-c3sc5ccsc5c32)C(c2ccc(CC)cc2)(c2ccc(CC)cc2)c2c-4sc3cc(-c4sc(-c5c(F)c(F)c(-c6cc(CC)c(-c7cc8sc9c(c8s7)C(c7ccc(CC)cc7)(c7ccc(CC)cc7)c7cc8c(cc7-9)C(c7ccc(CC)cc7)(c7ccc(CC)cc7)c7c-8sc8cc(-c9sc(-c%10c(F)c(F)c(-c%11cc(CC)c(-c%12cc%13sc%14c(c%13s%12)C(c%12ccc(CC)cc%12)(c%12ccc(CC)cc%12)c%12cc%13c(cc%12-%14)C(c%12ccc(CC)cc%12)(c%12ccc(CC)cc%12)c%12c-%13sc%13cc(-c%14sc(-c%15c(F)c(F)c(-c%16cc(CC)cs%16)c%16nn(CC)nc%15%16)cc%14CC)sc%12%13)s%11)c%11nn(CC)nc%10%11)cc9CC)sc78)s6)c6nn(CC)nc56)cc4CC)sc23)cc1,CCCCCCCCCCCc1c(/C=C2\C(=O)c3cc(F)c(F)cc3C2=C(C#N)C#N)sc2c1sc1c3c4nsnc4c4c5sc6c(CCCCCCCCCCC)c(/C=C7\C(=O)c8cc(F)c(F)cc8C7=C(C#N)C#N)sc6c5n(CC(CC)CCCC)c4c3n(CC(CC)CCCC)c21,0.74,22.7,0.667,11.05,-5.65,-4.09,1.56,1.36,-5.25,1.62,,
